Name,Address,Contact,Price
Barber Of Hell's Bottom,"['818 Rhode Island Ave NW', 'Washington, D.C. 20001', 'United States']",{},$$$
Enterprise Bleu,"['1015 31st St NW', 'Washington, D.C.', 'United States']",{},$$$$
BluePrint Barbershop,"['2160 Green Springs Hwy S', 'Birmingham, AL 35205', 'United States']",{},$$
City Barber Shop,"['4110 Hwy 14', 'Mill rook, AL', 'United States']",{},$$
Todd's Subs,"['5975 Sunset Dr #109', 'South Miami, FL 33143', 'United States']",{},$
Trinity Salon & Spa,"['15215 Collier Blvd Ste 317 (Immokalee Rd)', 'Naples, FL 34119', 'United States']",{},$$
Ralphs Barber,"['SR 52', 'San Antonio, FL 33576', 'United States']",{},$$
Liza's Kitchen,"['7328 Thomas Dr Ste L', 'Panama City Beach, FL 32408', 'United States']",{},$
Hopkins Eatery,"['1700 N Monroe St (Tharpe)', 'Tallahassee, FL 32303', 'United States']",{},$$
Q's Traditional Cuts,"['800 N Main St Ste 110 (Windward Parkway)', 'Alpharetta, GA 30009', 'United States']",{},$$
Fox's Pizza Den,"['2971 Monroe Hwy', 'Bogart, GA 30622', 'United States']",{},$$
Zaharakos,"['329 Washington St (3rd Street)', 'Columbus, IN 47201', 'United States']",{},$$
Snipp It Salon,"['1015 3rd St Ste A (California)', 'Columbus, IN 47201', 'United States']",{},$$$
Cafe Bloom,"['1112 Main St', 'Barboursville, WV 25504', 'United States']",{},$
Rita's Barbershop & Pub,"['Latonia, KY 41015', 'United States']",{},$
Italianette Pizza,"['6918 Plainfield Rd (Montgomery Rd.)', 'Silverton, OH 45236', 'United States']",{},$$
The Original Italian Pie,"['5650 Jefferson Hwy', 'New Orleans, LA 70123', 'United States']",{},$
South Street Cafe,"['300 E Lombard St', 'Baltimore, MD 21202', 'United States']",{},$
Toss Across,"['431 S Jefferson Ave (Jefferson & Pershing)', 'Springfield, MO 65806', 'United States']",{},$
Fuel Pizza Cafe,"['1501 Central Ave (Pecan Ave)', 'Charlotte, NC 28205', 'United States']",{},$
Simply Southern Salon,"['2206 N Cannon Blvd (East 22nd street)', 'Kannapolis, NC 28083', 'United States']",{},$$
Alexander Paul Institute of Hair Design,"['1011 Charles Blvd Ste A (10th St.)', 'Greenville, NC 27858', 'United States']",{},$
LifeCafe,"['815 Town And Country Ln (inside Life Time Athletic)', 'Houston, TX 77024', 'United States']",{},$
Elegance Hair Salon - Arabic Barber Shop - حلاق عربي هيوستن تكساس,"['3212 Hillcroft St (Skyline Dr)', 'Houston, TX 77057', 'United States']",{},$$
GoodFellas BARbershop,"['6011 W Main St', 'League City, TX 77573', 'United States']",{},$$
Raw Hair Studio,"['3126 N Saint Marys St', 'San Antonio, TX 78212', 'United States']",{},$$$
Helen's Roast Beef,"['321A Boston Ave', 'Medford, MA 02155', 'United States']",{},$$
Hair Creations,"['321 Halstead Ave', 'Harrison, NY 10528', 'United States']",{},$$$
Selah lounge,"['182 E Post Rd', 'White Plains, NY 10601', 'United States']",{},$$$
Savaya Salon - Barbershop,"['24265 Middlebelt Road (Ten Mile RD)', 'Farmington Hills, MI 48336', 'United States']",{},$
Lucky Detroit,"['Detroit, MI 48216', 'United States']",{},$
Jet's Pizza,"['20643 Mack Ave (btw Vernier & Van Antwerp St)', 'Grosse Pointe Woods, MI 48236', 'United States']",{},$
StoneChole Cafe and Studio,"['10201 Whittier St', 'Detroit, MI 48224', 'United States']",{},$
A&S Fine Foods,"['447 Albany Post Rd', 'Croton-on-Hudson, NY', 'United States']",{},$$
Leafgirl Studio + Organics,"['1019 mound street (River drive)', 'Davenport, IA 52803', 'United States']",{},$$$
Barbershop Market Days PRTY,"['3314 N Halsted St', 'Chicago, IL 60657', 'United States']",{},$$
Steve's Barber Shop,"['456 Fulton St', 'Peoria, IL', 'United States']",{},$
Colleens Hair Salon,"['584 Willey Rd', 'Sanbornville, NH 03872', 'United States']",{},$
Eastown Cafe,"['1499 Wealthy St SE (btwn Wealthy & Sigsbee)', 'Grand Rapids, MI 49506', 'United States']",{},$
Salon Oriana,"['7819 Southtown Dr (494)', 'Bloomington, MN 55431', 'United States']",{},$$
Belknap Plaza Beauty Salon,"['112 Belknap St (In the Belknap Plaza)', 'Superior, WI 54880', 'United States']",{},$$
Chuck's Barbershop,"['90 Low Ave (Eagle Sq)', 'Concord, NH 03301', 'United States']",{},$$$
Bordentown Avenue Deli,"['5 Bordentown Ave', 'Parlin, NJ 08859', 'United States']",{},$
East 6th Street Barber Shop,"['216 E 6th St (btw 2nd Ave & Cooper Sq)', 'New York, NY 10003', 'United States']",{},$
Ace Of Cuts Barber Shop,"['518 E 6th St (btwn Avenue A & B)', 'New York, NY 10009', 'United States']",{},$
Elegant Barber Shop,"['136 E 28th St (On 28th street between Lexington ave. and 3rd ave.)', 'New York, NY 10016', 'United States']",{},$
Liberty Cafe - 43 Street,"['37 W 43rd St (btw 5th & 6th)', 'New York, NY 10036', 'United States']",{},$
VACANCY PROJECT,"['249 E 10th St (1st Ave)', 'New York, NY', 'United States']",{},$
Crawford's Espresso Bar & Cafe,"['1209 Quentin Rd (East 12th St)', 'Brooklyn, NY 11229', 'United States']",{},$
Fellow Barber,"['5 Horatio St (at W 4th St.)', 'New York, NY 10014', 'United States']",{},$$
Yama Hair Salon,"['6 Spring St (Spring)', 'New York, NY 10012', 'United States']",{},$$
Made Man Barbershop,"['170 W 23rd St (7th Ave)', 'New York, NY 10011', 'United States']",{},$$
Blind Barber,"['339 E 10th St (btwn Avenue A & B)', 'New York, NY 10009', 'United States']",{},$$
Charter Coffeehouse,"['309 Graham Ave (Devoe & Ainslie)', 'Brooklyn, NY 11211', 'United States']",{},$$
Rebellations Hair & Beauty Studio,"['44 Hudson Pl (Hudson Street)', 'Hoboken, NJ 07030', 'United States']",{},$$$
Salon de Ning,"['The Peninsula New York, 700 5th Ave, New York (at W 55th St)', 'New York, NY 10019', 'United States']",{},$$$$
